{
    "BenchmarkYearValues": [
        "87898",
        "87",
        "-893",
        "87",
        "79",
        "79",
        "87",
        "897",
        "89",
        "87",
        "8",
        "7",
        "87",
        "87"
    ],
    "TargetYearValues": [
        "87",
        "87",
        "9",
        "987",
        "87987",
        "878",
        "987",
        "87",
        "789",
        "87",
        "789",
        "87",
        "87",
        "8"
    ],
    "CurrentYearValues": [
        "89",
        "87",
        "7",
        "9",
        "8",
        "7989",
        "987",
        "987",
        "7",
        "87",
        "78",
        "87",
        "87",
        "789"
    ],
    "normalizedKPIValuesAchieved": [
        -7.331142835359009,
        null,
        -6.9251767275517855,
        -0.576698573820064,
        -0.006204085460831521,
        6.654214313308429,
        -7.774924115549847,
        0.7756764459957974,
        -0.8451352508331277,
        null,
        -0.5964084531774521,
        7.167873014335744,
        null,
        6.047163212094325,
        -7.331142835359009,
        null,
        -6.9251767275517855,
        -0.576698573820064,
        -0.006204085460831521,
        6.654214313308429,
        -7.774924115549847,
        0.7756764459957974,
        -0.8451352508331277,
        null,
        -0.5964084531774521,
        7.167873014335744,
        null,
        6.047163212094325
    ],
    "maxNormalizedKPIValuesAchieved": [
        7.331309814662619,
        7.798272215596545,
        6.911043713822085,
        6.654214313308429,
        7.681531615363062,
        6.654214313308429,
        7.774924115549847,
        6.981088013962178,
        7.214569214429138,
        7.5881392151762785,
        6.654214313308429,
        7.167873014335744,
        7.541442915082888,
        6.047163212094325,
        7.331309814662619,
        7.798272215596545,
        6.911043713822085,
        6.654214313308429,
        7.681531615363062,
        6.654214313308429,
        7.774924115549847,
        6.981088013962178,
        7.214569214429138,
        7.5881392151762785,
        6.654214313308429,
        7.167873014335744,
        7.541442915082888,
        6.047163212094325
    ],
    "sustainabilityKPIAchieved": [
        -0.3522769671616461,
        null,
        -0.3327694343744005,
        -0.02771159000912169,
        -0.0002981194691245385,
        0.3197491154898656,
        -0.373601599211471,
        0.03727289892323351,
        -0.04061054186107829,
        null,
        -0.0286586915291813,
        0.34443150586443977,
        null,
        0.2905790221428343,
        -0.3522769671616461,
        null,
        -0.3327694343744005,
        -0.02771159000912169,
        -0.0002981194691245385,
        0.3197491154898656,
        -0.373601599211471,
        0.03727289892323351,
        -0.04061054186107829,
        null,
        -0.0286586915291813,
        0.34443150586443977,
        null,
        0.2905790221428343
    ],
    "maxKPIAchievedValues": [
        0.3522849908714517,
        0.37472352495458533,
        0.3320903130797587,
        0.3197491154898656,
        0.36911389143380186,
        0.3197491154898656,
        0.373601599211471,
        0.3354560903091016,
        0.3466753573506683,
        0.3646261884613449,
        0.3197491154898656,
        0.34443150586443977,
        0.36238233216990434,
        0.2905790221428343,
        0.3522849908714517,
        0.37472352495458533,
        0.3320903130797587,
        0.3197491154898656,
        0.36911389143380186,
        0.3197491154898656,
        0.373601599211471,
        0.3354560903091016,
        0.3466753573506683,
        0.3646261884613449,
        0.3197491154898656,
        0.34443150586443977,
        0.36238233216990434,
        0.2905790221428343
    ],
    "percentageOfTargetValueAchieved": [
        -0.9999772238102288,
        null,
        -1.0020449897750512,
        -0.08666666666666667,
        -0.0008076625563088683,
        9.899874843554443,
        -1,
        0.1111111111111111,
        -0.11714285714285715,
        null,
        -0.08962868117797695,
        1,
        null,
        8.886075949367088,
        -0.9999772238102288,
        null,
        -1.0864745011086474,
        -0.08666666666666667,
        -0.0008076625563088683,
        9.899874843554443,
        -1,
        0.1111111111111111,
        -0.11714285714285715,
        null,
        -0.08962868117797695,
        1,
        null,
        8.886075949367088
    ],
    "benchmarkPercentage": -0.78
}