{
    "BenchmarkYearValues": [
        "7",
        "7",
        "7",
        "7",
        "7",
        "7",
        "7",
        "7",
        "7",
        "8",
        "9",
        "95",
        "85",
        "856"
    ],
    "TargetYearValues": [
        "7",
        "7",
        "7",
        "7",
        "55",
        "7",
        "7",
        "7",
        "7",
        "89",
        "9",
        "55",
        "57",
        "68"
    ],
    "CurrentYearValues": [
        "7",
        "7",
        "7",
        "7",
        "7",
        "7",
        "7",
        "7",
        "78",
        "899",
        "9",
        "67",
        "5",
        "85"
    ],
    "normalizedKPIValuesAchieved": [
        null,
        null,
        null,
        null,
        0,
        null,
        null,
        null,
        7.214569214429138,
        7.5881392151762785,
        null,
        -5.017511110035021,
        7.541442915082888,
        -5.916704107264881
    ],
    "maxNormalizedKPIValuesAchieved": [
        7.331309814662619,
        7.798272215596545,
        6.911043713822085,
        6.654214313308429,
        7.681531615363062,
        6.654214313308429,
        7.774924115549847,
        6.981088013962178,
        7.214569214429138,
        7.5881392151762785,
        6.654214313308429,
        7.167873014335744,
        7.541442915082888,
        6.047163212094325
    ],
    "sustainabilityKPIAchieved": [
        null,
        null,
        null,
        null,
        0,
        null,
        null,
        null,
        0.3466753573506683,
        0.3646261884613449,
        null,
        -0.24110205410510782,
        0.36238233216990434,
        -0.28431018537071745
    ],
    "maxKPIAchievedValues": [
        0.3522849908714517,
        0.37472352495458533,
        0.3320903130797587,
        0.3197491154898656,
        0.36911389143380186,
        0.3197491154898656,
        0.373601599211471,
        0.3354560903091016,
        0.3466753573506683,
        0.3646261884613449,
        0.3197491154898656,
        0.34443150586443977,
        0.36238233216990434,
        0.2905790221428343
    ],
    "percentageOfTargetValueAchieved": [
        null,
        null,
        null,
        null,
        0,
        null,
        null,
        null,
        null,
        11,
        null,
        -0.7,
        2.857142857142857,
        -0.9784263959390863
    ],
    "benchmarkPercentage": 0.02
}