{
    "BenchmarkYearValues": [
        "77",
        "74",
        "71",
        "77",
        "74",
        "71",
        "78",
        "74",
        "71",
        "78",
        "74",
        "77",
        "74",
        "71"
    ],
    "TargetYearValues": [
        "78",
        "75",
        "72",
        "78",
        "75",
        "72",
        "77",
        "75",
        "72",
        "77",
        "75",
        "78",
        "75",
        "72"
    ],
    "CurrentYearValues": [
        "79",
        "76",
        "73",
        "79",
        "76",
        "73",
        "79",
        "76",
        "73",
        "79",
        "76",
        "79",
        "76",
        "73"
    ],
    "normalizedKPIValuesAchieved": [
        7.331309814662619,
        7.798272215596545,
        6.911043713822085,
        6.654214313308429,
        7.681531615363062,
        6.654214313308429,
        -7.774924115549847,
        6.981088013962178,
        7.214569214429138,
        7.5881392151762785,
        -13.308428626616857,
        7.167873014335744,
        -15.082885830165775,
        6.047163212094325
    ],
    "maxNormalizedKPIValuesAchieved": [
        7.331309814662619,
        7.798272215596545,
        6.911043713822085,
        6.654214313308429,
        7.681531615363062,
        6.654214313308429,
        7.774924115549847,
        6.981088013962178,
        7.214569214429138,
        7.5881392151762785,
        6.654214313308429,
        7.167873014335744,
        7.541442915082888,
        6.047163212094325
    ]
}