{
    "BenchmarkYearValues": [
        "78",
        "74",
        "71",
        "74",
        "79",
        "76",
        "73",
        "74",
        "74",
        "71",
        "95",
        "92",
        "97",
        "85"
    ],
    "TargetYearValues": [
        "78",
        "75",
        "72",
        "75",
        "74",
        "71",
        "78",
        "75",
        "75",
        "98",
        "96",
        "94",
        "95",
        "84"
    ],
    "CurrentYearValues": [
        "79",
        "76",
        "73",
        "78",
        "75",
        "72",
        "79",
        "79",
        "76",
        "97",
        "93",
        "91",
        "86",
        "87"
    ],
    "normalizedKPIValuesAchieved": [
        7.331309814662619,
        7.798272215596545,
        6.911043713822085,
        6.654214313308429,
        -6.14522529229045,
        -5.323371450646743,
        -9.329908938659816,
        6.981088013962178,
        7.214569214429138,
        7.307097022021602,
        6.654214313308429,
        -3.583936507167872,
        7.541442915082888,
        6.047163212094325
    ],
    "maxNormalizedKPIValuesAchieved": [
        7.331309814662619,
        7.798272215596545,
        6.911043713822085,
        6.654214313308429,
        7.681531615363062,
        6.654214313308429,
        7.774924115549847,
        6.981088013962178,
        7.214569214429138,
        7.5881392151762785,
        6.654214313308429,
        7.167873014335744,
        7.541442915082888,
        6.047163212094325
    ]
}