{
    "BenchmarkYearValues": [
        "78",
        "74",
        "717",
        "78",
        "87",
        "86",
        "83",
        "99",
        "95",
        "93",
        "66",
        "67",
        "62",
        "55"
    ],
    "TargetYearValues": [
        "79",
        "75",
        "2",
        "79",
        "89",
        "84",
        "81",
        "98",
        "96",
        "92",
        "69",
        "65",
        "62",
        "58"
    ],
    "CurrentYearValues": [
        "77",
        "76",
        "73",
        "88",
        "85",
        "82",
        "89",
        "97",
        "94",
        "91",
        "68",
        "64",
        "61",
        "56"
    ],
    "normalizedKPIValuesAchieved": [
        -7.331309814662619,
        7.798272215596545,
        -6.224772240141852,
        6.654214313308429,
        -7.681531615363062,
        -13.308428626616857,
        -23.324772346649542,
        -13.962176027924356,
        -7.214569214429138,
        -15.176278430352557,
        -4.436142875538952,
        -10.75180952150362,
        7.541442915082888,
        2.0157210706981084
    ],
    "maxNormalizedKPIValuesAchieved": [
        7.331309814662619,
        7.798272215596545,
        6.911043713822085,
        6.654214313308429,
        7.681531615363062,
        6.654214313308429,
        7.774924115549847,
        6.981088013962178,
        7.214569214429138,
        7.5881392151762785,
        6.654214313308429,
        7.167873014335744,
        7.541442915082888,
        6.047163212094325
    ],
    "sustainabilityKPIAchieved": [
        -0.3522849908714517,
        0.37472352495458533,
        -0.2991135127599506,
        0.3197491154898656,
        -0.36911389143380186,
        -0.6394982309797312,
        -1.120804797634413,
        -0.6709121806182032,
        -0.3466753573506683,
        -0.7292523769226898,
        -0.2131660769932437,
        -0.5166472587966598,
        0.36238233216990434,
        0.09685967404761145
    ],
    "maxKPIAchievedValues": [
        0.3522849908714517,
        0.37472352495458533,
        0.3320903130797587,
        0.3197491154898656,
        0.36911389143380186,
        0.3197491154898656,
        0.373601599211471,
        0.3354560903091016,
        0.3466753573506683,
        0.3646261884613449,
        0.3197491154898656,
        0.34443150586443977,
        0.36238233216990434,
        0.2905790221428343
    ],
    "percentageOfTargetValueAchieved": [
        -1,
        2,
        -0.9006993006993007,
        10,
        -1,
        -2,
        -3,
        -2,
        -1,
        -2,
        -0.6666666666666666,
        -1.5,
        null,
        0.3333333333333333
    ],
    "benchmarkPercentage": 0.34
}