{"BenchmarkYearValues":["12","62","85","45","25","85","75","26","65","68","36","12","13","98"],"TargetYearValues":["32","42","95","78","356","65","48","35","64","67","34","15","14","47"],"CurrentYearValues":["52","75","65","95","75","95","59","62","69","35","32","16","78","45"],"normalizedKPIValuesAchieved":[7.331309814662619,5.068876940137756,-13.82208742764417,6.654214313308429,1.1603522077587707,3.3271071566542143,4.607362438844353,6.981088013962178,7.214569214429138,-250.4085941008172,6.654214313308429,7.167873014335744,-490.1937894803876,-6.284306867470574],"maxNormalizedKPIValuesAchieved":[7.331309814662619,7.798272215596545,6.911043713822085,6.654214313308429,7.681531615363062,6.654214313308429,7.774924115549847,6.981088013962178,7.214569214429138,7.5881392151762785,6.654214313308429,7.167873014335744,7.541442915082888,6.047163212094325]}