{
    "BenchmarkYearValues": [
        "23",
        "979",
        "58",
        "65",
        "58",
        "58",
        "65",
        "96",
        "85",
        "74",
        "74",
        "69",
        "74",
        "85",
        "14"
    ],
    "TargetYearValues": [
        "789",
        "85",
        "78",
        "78",
        "65",
        "78",
        "78",
        "78",
        "85",
        "85",
        "78",
        "85",
        "85",
        "25"
    ],
    "CurrentYearValues": [
        "787",
        "78",
        "98",
        "45",
        "69",
        "98",
        "45",
        "74",
        "96",
        "96",
        "58",
        "96",
        "96",
        "36"
    ],
    "normalizedKPIValuesAchieved": [
        null,
        null,
        null,
        null,
        null,
        null,
        null,
        null,
        null,
        null,
        null,
        null,
        null,
        null,
        null
    ],
    "maxNormalizedKPIValuesAchieved": [
        null,
        null,
        null,
        null,
        null,
        null,
        null,
        null,
        null,
        null,
        null,
        null,
        null,
        null,
        null
    ],
    "sustainabilityKPIAchieved": [
        0.35136518671774036,
        -0.37765760177190305,
        0.3320903130797587,
        -0.49192171613825486,
        0.36911389143380186,
        0.3197491154898656,
        0.373601599211471,
        -0.41000188815556854,
        0.3466753573506683,
        0.3646261884613449,
        0.3197491154898656,
        0.34443150586443977,
        -0.7247646643398087,
        -0.23730620141664807,
        null
    ],
    "maxKPIAchievedValues": [
        0.3522849908714517,
        0.37472352495458533,
        0.3320903130797587,
        0.3197491154898656,
        0.36911389143380186,
        0.3197491154898656,
        0.373601599211471,
        0.3354560903091016,
        0.3466753573506683,
        0.3646261884613449,
        0.3197491154898656,
        0.34443150586443977,
        0.36238233216990434,
        0.2905790221428343,
        null
    ]
}