{
    "BenchmarkYearValues": [
        "100000",
        "15",
        "150000",
        "10000",
        "2",
        "100000",
        "10000",
        "15000",
        "2",
        "3",
        "20000",
        "50000",
        "250000",
        "85000"
    ],
    "TargetYearValues": [
        "110000",
        "17",
        "165000",
        "11000",
        "3",
        "110000",
        "9000",
        "13500",
        "3",
        "4",
        "18000",
        "55000",
        "225000",
        "93500"
    ],
    "CurrentYearValues": [
        "95000",
        "15.75",
        "155000",
        "10500",
        "2",
        "104000",
        "9500",
        "14000",
        "3",
        "3",
        "19300",
        "51500",
        "240000",
        "90000"
    ],
    "normalizedKPIValuesAchieved": [
        -3.6656549073313096,
        2.9243520808487045,
        2.3036812379406957,
        3.3271071566542143,
        0,
        2.6616857253233714,
        3.8874620577749237,
        -4.654058675974784,
        7.214569214429138,
        0,
        2.32897500965795,
        2.1503619043007234,
        3.016577166033154,
        3.5571548306437215
    ],
    "maxNormalizedKPIValuesAchieved": [
        7.331309814662619,
        7.798272215596545,
        6.911043713822085,
        6.654214313308429,
        7.681531615363062,
        6.654214313308429,
        7.774924115549847,
        6.981088013962178,
        7.214569214429138,
        7.5881392151762785,
        6.654214313308429,
        7.167873014335744,
        7.541442915082888,
        6.047163212094325
    ],
    "sustainabilityKPIAchieved": [
        -0.17614249543572585,
        0.1405213218579695,
        0.11069677102658627,
        0.1598745577449328,
        0,
        0.12789964619594624,
        0.1868007996057355,
        -0.223637393539401,
        0.3466753573506683,
        0,
        0.11191219042145295,
        0.10332945175933193,
        0.1449529328679617,
        0.17092883655460847
    ],
    "maxKPIAchievedValues": [
        0.3522849908714517,
        0.37472352495458533,
        0.3320903130797587,
        0.3197491154898656,
        0.36911389143380186,
        0.3197491154898656,
        0.373601599211471,
        0.3354560903091016,
        0.3466753573506683,
        0.3646261884613449,
        0.3197491154898656,
        0.34443150586443977,
        0.36238233216990434,
        0.2905790221428343
    ],
    "percentageOfTargetValueAchieved": [
        -0.5,
        0.375,
        0.3333333333333333,
        0.5,
        0,
        0.4,
        0.5,
        -0.6666666666666666,
        1,
        0,
        0.35,
        0.3,
        0.4,
        0.5882352941176471
    ],
    "benchmarkPercentage": 0.23
}