{
    "BenchmarkYearValues": [
        "78",
        "74",
        "71",
        "70",
        "82",
        "85",
        "88",
        "91",
        "94",
        "97",
        "60",
        "63",
        "66",
        "69"
    ],
    "TargetYearValues": [
        "77",
        "75",
        "72",
        "80",
        "83",
        "86",
        "89",
        "92",
        "95",
        "98",
        "61",
        "64",
        "67",
        "50"
    ],
    "CurrentYearValues": [
        "79",
        "76",
        "73",
        "81",
        "84",
        "87",
        "90",
        "93",
        "96",
        "99",
        "62",
        "65",
        "68",
        "51"
    ],
    "normalizedKPIValuesAchieved": [
        7.331309814662619,
        7.798272215596545,
        6.911043713822085,
        6.654214313308429,
        7.681531615363062,
        6.654214313308429,
        -15.549848231099695,
        6.981088013962178,
        7.214569214429138,
        7.5881392151762785,
        -13.308428626616857,
        7.167873014335744,
        -15.082885830165775,
        -5.728891464089361
    ],
    "maxNormalizedKPIValuesAchieved": [
        7.331309814662619,
        7.798272215596545,
        6.911043713822085,
        6.654214313308429,
        7.681531615363062,
        6.654214313308429,
        7.774924115549847,
        6.981088013962178,
        7.214569214429138,
        7.5881392151762785,
        6.654214313308429,
        7.167873014335744,
        7.541442915082888,
        6.047163212094325
    ],
    "sustainabilityKPIAchieved": [
        0.3522849908714517,
        0.37472352495458533,
        0.3320903130797587,
        0.3197491154898656,
        0.36911389143380186,
        0.3197491154898656,
        -0.747203198422942,
        0.3354560903091016,
        0.3466753573506683,
        0.3646261884613449,
        -0.6394982309797312,
        0.34443150586443977,
        -0.7247646643398087,
        -0.27528538939847463
    ],
    "maxKPIAchievedValues": [
        0.3522849908714517,
        0.37472352495458533,
        0.3320903130797587,
        0.3197491154898656,
        0.36911389143380186,
        0.3197491154898656,
        0.373601599211471,
        0.3354560903091016,
        0.3466753573506683,
        0.3646261884613449,
        0.3197491154898656,
        0.34443150586443977,
        0.36238233216990434,
        0.2905790221428343
    ],
    "percentageOfTargetValueAchieved": [
        1,
        2,
        2,
        1.1,
        2,
        2,
        -2,
        2,
        2,
        2,
        -2,
        2,
        -2,
        -0.9473684210526315
    ],
    "benchmarkPercentage": 0.78
}