{
    "BenchmarkYearValues": [
        "78",
        "68",
        "36",
        "15",
        "85",
        "48",
        "57",
        "58",
        "69",
        "64",
        "61",
        "54",
        "45",
        "41"
    ],
    "TargetYearValues": [
        "98",
        "48",
        "25",
        "26",
        "95",
        "68",
        "55",
        "65",
        "68",
        "63",
        "44",
        "48",
        "46",
        "42"
    ],
    "CurrentYearValues": [
        "58",
        "24",
        "24",
        "35",
        "75",
        "59",
        "54",
        "66",
        "67",
        "62",
        "47",
        "49",
        "44",
        "43"
    ],
    "normalizedKPIValuesAchieved": [
        -7.331309814662619,
        -17.1561988743124,
        -7.53932041507864,
        6.654214313308429,
        -7.681531615363062,
        3.659817872319636,
        7.774924115549847,
        6.981088013962178,
        -14.429138428858275,
        -15.176278430352557,
        5.479941199195176,
        -5.973227511946455,
        7.541442915082888,
        6.047163212094325
    ],
    "maxNormalizedKPIValuesAchieved": [
        7.331309814662619,
        7.798272215596545,
        6.911043713822085,
        6.654214313308429,
        7.681531615363062,
        6.654214313308429,
        7.774924115549847,
        6.981088013962178,
        7.214569214429138,
        7.5881392151762785,
        6.654214313308429,
        7.167873014335744,
        7.541442915082888,
        6.047163212094325
    ],
    "sustainabilityKPIAchieved": [
        -0.3522849908714517,
        -0.8243917549000878,
        -0.36228034154155503,
        0.3197491154898656,
        -0.36911389143380186,
        0.1758620135194261,
        0.373601599211471,
        0.3354560903091016,
        -0.6933507147013366,
        -0.7292523769226898,
        0.263322800991654,
        -0.2870262548870332,
        0.36238233216990434,
        0.2905790221428343
    ],
    "maxKPIAchievedValues": [
        0.3522849908714517,
        0.37472352495458533,
        0.3320903130797587,
        0.3197491154898656,
        0.36911389143380186,
        0.3197491154898656,
        0.373601599211471,
        0.3354560903091016,
        0.3466753573506683,
        0.3646261884613449,
        0.3197491154898656,
        0.34443150586443977,
        0.36238233216990434,
        0.2905790221428343
    ],
    "percentageOfTargetValueAchieved": [
        -1,
        -2.2,
        -1.0909090909090908,
        1.8181818181818181,
        -1,
        0.55,
        1.5,
        1.1428571428571428,
        -2,
        -2,
        0.8235294117647058,
        -0.8333333333333334,
        1,
        2
    ],
    "benchmarkPercentage": 0.56
}