{
    "BenchmarkYearValues": [
        "2",
        "7",
        "7",
        "7",
        "7",
        "7",
        "7",
        "8",
        "8",
        "8",
        "8",
        "8",
        "8",
        "8"
    ],
    "TargetYearValues": [
        "7",
        "7",
        "7",
        "7",
        "7",
        "7",
        "7",
        "8",
        "8",
        "8",
        "8",
        "8",
        "8",
        "8"
    ],
    "CurrentYearValues": [
        "7",
        "7",
        "77",
        "77",
        "7",
        "7",
        "7",
        "8",
        "88",
        "88",
        "8",
        "8",
        "8",
        "8"
    ],
    "normalizedKPIValuesAchieved": [
        7.331309814662619,
        null,
        6.911043713822085,
        6.654214313308429,
        null,
        null,
        null,
        null,
        7.214569214429138,
        7.5881392151762785,
        null,
        null,
        null,
        null
    ],
    "maxNormalizedKPIValuesAchieved": [
        7.331309814662619,
        7.798272215596545,
        6.911043713822085,
        6.654214313308429,
        7.681531615363062,
        6.654214313308429,
        7.774924115549847,
        6.981088013962178,
        7.214569214429138,
        7.5881392151762785,
        6.654214313308429,
        7.167873014335744,
        7.541442915082888,
        6.047163212094325
    ],
    "sustainabilityKPIAchieved": [
        0.3522849908714517,
        null,
        0.3320903130797587,
        0.3197491154898656,
        null,
        null,
        null,
        null,
        0.3466753573506683,
        0.3646261884613449,
        null,
        null,
        null,
        null
    ],
    "maxKPIAchievedValues": [
        0.3522849908714517,
        0.37472352495458533,
        0.3320903130797587,
        0.3197491154898656,
        0.36911389143380186,
        0.3197491154898656,
        0.373601599211471,
        0.3354560903091016,
        0.3466753573506683,
        0.3646261884613449,
        0.3197491154898656,
        0.34443150586443977,
        0.36238233216990434,
        0.2905790221428343
    ],
    "percentageOfTargetValueAchieved": [
        1,
        null,
        null,
        null,
        null,
        null,
        null,
        null,
        null,
        null,
        null,
        null,
        null,
        null
    ],
    "benchmarkPercentage": 0.02
}