{
    "BenchmarkYearValues": [
        "98",
        "48",
        "68",
        "15",
        "53",
        "75",
        "586",
        "9",
        "9",
        "95",
        "58",
        "586",
        "58",
        "856"
    ],
    "TargetYearValues": [
        "58",
        "57",
        "26",
        "24",
        "95",
        "84",
        "95",
        "58",
        "58",
        "86",
        "68",
        "8",
        "68",
        "96"
    ],
    "CurrentYearValues": [
        "68",
        "95",
        "35",
        "62",
        "86",
        "89",
        "86",
        "6",
        "68",
        "89",
        "9",
        "69",
        "98",
        "85"
    ],
    "normalizedKPIValuesAchieved": [
        -5.498482360996965,
        7.798272215596545,
        -5.430105775145925,
        6.654214313308429,
        6.0354891263566905,
        6.654214313308429,
        7.774924115549847,
        -0.4274135518752353,
        7.214569214429138,
        -5.058759476784185,
        6.654214313308429,
        -6.4114019868712475,
        -30.16577166033155,
        -6.134687942795691
    ],
    "maxNormalizedKPIValuesAchieved": [
        7.331309814662619,
        7.798272215596545,
        6.911043713822085,
        6.654214313308429,
        7.681531615363062,
        6.654214313308429,
        7.774924115549847,
        6.981088013962178,
        7.214569214429138,
        7.5881392151762785,
        6.654214313308429,
        7.167873014335744,
        7.541442915082888,
        6.047163212094325
    ],
    "sustainabilityKPIAchieved": [
        -0.2642137431535888,
        0.37472352495458533,
        -0.2609281031340962,
        0.3197491154898656,
        0.29001805755513,
        0.3197491154898656,
        0.373601599211471,
        -0.020538127978108257,
        0.3466753573506683,
        -0.2430841256408966,
        0.3197491154898656,
        -0.30808146804829656,
        -1.4495293286796174,
        -0.29478477114753326
    ],
    "maxKPIAchievedValues": [
        0.3522849908714517,
        0.37472352495458533,
        0.3320903130797587,
        0.3197491154898656,
        0.36911389143380186,
        0.3197491154898656,
        0.373601599211471,
        0.3354560903091016,
        0.3466753573506683,
        0.3646261884613449,
        0.3197491154898656,
        0.34443150586443977,
        0.36238233216990434,
        0.2905790221428343
    ]
}