{
    "BenchmarkYearValues": [
        "12",
        "98",
        "54",
        "14",
        "69",
        "36",
        "41",
        "96",
        "65",
        "32",
        "52",
        "85",
        "25",
        "41"
    ],
    "TargetYearValues": [
        "45",
        "87",
        "21",
        "47",
        "14",
        "63",
        "74",
        "78",
        "54",
        "65",
        "63",
        "74",
        "36",
        "74"
    ],
    "CurrentYearValues": [
        "78",
        "65",
        "32",
        "58",
        "25",
        "52",
        "85",
        "89",
        "21",
        "41",
        "96",
        "14",
        "52",
        "85"
    ],
    "normalizedKPIValuesAchieved": [
        7.331309814662619,
        -23.394816646789636,
        -4.607362475881391,
        6.654214313308429,
        -6.14522529229045,
        3.94323811159018,
        -10.366565487399797,
        -2.714867560985291,
        -28.85827685771655,
        2.069492513229894,
        -26.616857253233714,
        -46.265362183439805,
        -18.51081442793072,
        6.047163212094325
    ],
    "maxNormalizedKPIValuesAchieved": [
        7.331309814662619,
        7.798272215596545,
        6.911043713822085,
        6.654214313308429,
        7.681531615363062,
        6.654214313308429,
        7.774924115549847,
        6.981088013962178,
        7.214569214429138,
        7.5881392151762785,
        6.654214313308429,
        7.167873014335744,
        7.541442915082888,
        6.047163212094325
    ]
}