{
    "BenchmarkYearValues": [
        "78",
        "74",
        "71",
        "88",
        "84",
        "81",
        "99",
        "97",
        "93",
        "66",
        "69",
        "63",
        "55",
        "57"
    ],
    "TargetYearValues": [
        "77",
        "75",
        "72",
        "89",
        "85",
        "82",
        "96",
        "95",
        "92",
        "65",
        "68",
        "62",
        "54",
        "59"
    ],
    "CurrentYearValues": [
        "79",
        "76",
        "73",
        "87",
        "86",
        "83",
        "98",
        "94",
        "91",
        "64",
        "67",
        "61",
        "58",
        "56"
    ],
    "normalizedKPIValuesAchieved": [
        7.331309814662619,
        7.798272215596545,
        6.911043713822085,
        -6.654214313308429,
        7.681531615363062,
        6.654214313308429,
        2.591641371849949,
        -10.471632020943263,
        -14.429138428858275,
        -15.176278430352557,
        6.654214313308429,
        -14.335746028671489,
        -22.62432874524866,
        -3.0235816060471623
    ],
    "maxNormalizedKPIValuesAchieved": [
        7.331309814662619,
        7.798272215596545,
        6.911043713822085,
        6.654214313308429,
        7.681531615363062,
        6.654214313308429,
        7.774924115549847,
        6.981088013962178,
        7.214569214429138,
        7.5881392151762785,
        6.654214313308429,
        7.167873014335744,
        7.541442915082888,
        6.047163212094325
    ],
    "sustainabilityKPIAchieved": [
        0.3522849908714517,
        0.37472352495458533,
        0.3320903130797587,
        -0.3197491154898656,
        0.36911389143380186,
        0.3197491154898656,
        0.12453386640382368,
        -0.5031841354636523,
        -0.6933507147013366,
        -0.7292523769226898,
        0.3197491154898656,
        -0.6888630117288795,
        -1.087146996509713,
        -0.14528951107141716
    ],
    "maxKPIAchievedValues": [
        0.3522849908714517,
        0.37472352495458533,
        0.3320903130797587,
        0.3197491154898656,
        0.36911389143380186,
        0.3197491154898656,
        0.373601599211471,
        0.3354560903091016,
        0.3466753573506683,
        0.3646261884613449,
        0.3197491154898656,
        0.34443150586443977,
        0.36238233216990434,
        0.2905790221428343
    ]
}