{
    "BenchmarkYearValues": [
        "98",
        "78",
        "84",
        "15",
        "65",
        "75",
        "99",
        "44",
        "33",
        "68",
        "74",
        "71",
        "65",
        "64"
    ],
    "TargetYearValues": [
        "78",
        "85",
        "82",
        "25",
        "45",
        "85",
        "88",
        "55",
        "55",
        "98",
        "75",
        "72",
        "69",
        "63"
    ],
    "CurrentYearValues": [
        "98",
        "86",
        "83",
        "35",
        "55",
        "95",
        "77",
        "66",
        "45",
        "78",
        "76",
        "73",
        "68",
        "62"
    ],
    "normalizedKPIValuesAchieved": [
        0,
        7.798272215596545,
        -3.4555218569110426,
        6.654214313308429,
        -3.840765807681531,
        6.654214313308429,
        7.774924115549847,
        6.981088013962178,
        3.9352195715068023,
        2.5293797383920924,
        -13.308428626616857,
        7.167873014335744,
        -5.656082186312165,
        -12.09432642418865
    ],
    "maxNormalizedKPIValuesAchieved": [
        7.331309814662619,
        7.798272215596545,
        6.911043713822085,
        6.654214313308429,
        7.681531615363062,
        6.654214313308429,
        7.774924115549847,
        6.981088013962178,
        7.214569214429138,
        7.5881392151762785,
        6.654214313308429,
        7.167873014335744,
        7.541442915082888,
        6.047163212094325
    ]
}