{
    "BenchmarkYearValues": [
        "8",
        "8",
        "8",
        "9",
        "9",
        "9",
        "9",
        "9",
        "5",
        "5",
        "5"
    ],
    "TargetYearValues": [
        "8",
        "8",
        "8",
        "9",
        "9",
        "9",
        "9",
        "9",
        "5",
        "5",
        "5"
    ],
    "CurrentYearValues": [
        "8",
        "8",
        "8",
        "9",
        "9",
        "99",
        "9",
        "9",
        "5",
        "5",
        "5"
    ],
    "normalizedKPIValuesAchieved": [
        null,
        null,
        null,
        null,
        null,
        9.136904790863097,
        null,
        null,
        null,
        null,
        null
    ],
    "maxNormalizedKPIValuesAchieved": [
        9.613095190386908,
        9.285714290714289,
        9.821428590178572,
        9.464285690535716,
        9.285714290714289,
        9.136904790863097,
        9.107142890892858,
        8.898809491101193,
        8.541666691458335,
        8.363095191636907,
        8.482142891517856
    ],
    "sustainabilityKPIAchieved": [
        null,
        null,
        null,
        null,
        null,
        0.26550618801491566,
        null,
        null,
        null,
        null,
        null
    ],
    "maxKPIAchievedValues": [
        0.2793436417961237,
        0.26983039232154316,
        0.2853975307312679,
        0.27501943748949614,
        0.26983039232154316,
        0.26550618801491566,
        0.2646413471535901,
        0.25858745821844586,
        0.24820936788253983,
        0.24302031980872105,
        0.24647968615988877
    ],
    "percentageOfTargetValueAchieved": [
        null,
        null,
        null,
        null,
        null,
        null,
        null,
        null,
        null,
        null,
        null
    ]
}