{
    "BenchmarkYearValues": [
        "1000",
        "200",
        "900",
        "1000",
        "20",
        "30",
        "40",
        "10",
        "8",
        "12",
        "5"
    ],
    "TargetYearValues": [
        "800",
        "300",
        "850",
        "980",
        "16",
        "25",
        "34",
        "8",
        "10",
        "15",
        "6"
    ],
    "CurrentYearValues": [
        "900",
        "220",
        "870",
        "990",
        "18",
        "20",
        "26",
        "8",
        "11",
        "18",
        "4"
    ],
    "normalizedKPIValuesAchieved": [
        4.806547595193454,
        1.8571428581428577,
        5.892857154107143,
        4.732142845267858,
        4.642857145357144,
        9.136904790863097,
        9.107142890892858,
        8.898809491101193,
        8.541666691458335,
        8.363095191636907,
        -8.482142891517856
    ],
    "maxNormalizedKPIValuesAchieved": [
        9.613095190386908,
        9.285714290714289,
        9.821428590178572,
        9.464285690535716,
        9.285714290714289,
        9.136904790863097,
        9.107142890892858,
        8.898809491101193,
        8.541666691458335,
        8.363095191636907,
        8.482142891517856
    ],
    "sustainabilityKPIAchieved": [
        0.13967182089806185,
        0.053966078464308634,
        0.17123851843876076,
        0.13750971874474807,
        0.13491519616077158,
        0.26550618801491566,
        0.2646413471535901,
        0.25858745821844586,
        0.24820936788253983,
        0.24302031980872105,
        -0.24647968615988877
    ],
    "maxKPIAchievedValues": [
        0.2793436417961237,
        0.26983039232154316,
        0.2853975307312679,
        0.27501943748949614,
        0.26983039232154316,
        0.26550618801491566,
        0.2646413471535901,
        0.25858745821844586,
        0.24820936788253983,
        0.24302031980872105,
        0.24647968615988877
    ],
    "percentageOfTargetValueAchieved": [
        0.5,
        0.2,
        0.6,
        0.5,
        0.5,
        2,
        2.3333333333333335,
        1,
        1.5,
        2,
        -1
    ]
}