{
    "BenchmarkYearValues": [
        "78",
        "75",
        "72",
        "75",
        "72",
        "79",
        "75",
        "72",
        "74",
        "71",
        "78"
    ],
    "TargetYearValues": [
        "79",
        "76",
        "73",
        "76",
        "73",
        "77",
        "76",
        "73",
        "75",
        "72",
        "79"
    ],
    "CurrentYearValues": [
        "74",
        "71",
        "74",
        "71",
        "78",
        "74",
        "71",
        "77",
        "76",
        "73",
        "88"
    ],
    "normalizedKPIValuesAchieved": [
        9.613095190386908,
        9.285714290714289,
        -19.642857180357144,
        9.464285690535716,
        -55.71428574428572,
        9.136904790863097,
        9.107142890892858,
        -44.49404745550596,
        8.541666691458335,
        8.363095191636907,
        8.482142891517856
    ],
    "maxNormalizedKPIValuesAchieved": [
        9.613095190386908,
        9.285714290714289,
        9.821428590178572,
        9.464285690535716,
        9.285714290714289,
        9.136904790863097,
        9.107142890892858,
        8.898809491101193,
        8.541666691458335,
        8.363095191636907,
        8.482142891517856
    ]
}