{
    "BenchmarkYearValues": [
        "78",
        "58",
        "85",
        "54",
        "59",
        "25",
        "42",
        "75",
        "57",
        "56",
        "94"
    ],
    "TargetYearValues": [
        "78",
        "69",
        "86",
        "65",
        "75",
        "35",
        "51",
        "79",
        "68",
        "89",
        "95"
    ],
    "CurrentYearValues": [
        "98",
        "74",
        "74",
        "58",
        "51",
        "62",
        "84",
        "68",
        "59",
        "98",
        "96"
    ],
    "normalizedKPIValuesAchieved": [
        null,
        -13.506493513766236,
        9.821428590178572,
        -3.4415584329220783,
        4.642857145357144,
        -33.80654772619346,
        -42.500000157500004,
        8.898809491101193,
        1.553030307537879,
        8.363095191636907,
        8.482142891517856
    ],
    "maxNormalizedKPIValuesAchieved": [
        9.613095190386908,
        9.285714290714289,
        9.821428590178572,
        9.464285690535716,
        9.285714290714289,
        9.136904790863097,
        9.107142890892858,
        8.898809491101193,
        8.541666691458335,
        8.363095191636907,
        8.482142891517856
    ],
    "sustainabilityKPIAchieved": [
        null,
        -0.3924805706495173,
        0.2853975307312679,
        -0.10000706817799859,
        0.13491519616077158,
        -0.9823728956551878,
        -1.2349929533834205,
        0.25858745821844586,
        0.045128975978643605,
        0.24302031980872105,
        0.24647968615988877
    ],
    "maxKPIAchievedValues": [
        0.2793436417961237,
        0.26983039232154316,
        0.2853975307312679,
        0.27501943748949614,
        0.26983039232154316,
        0.26550618801491566,
        0.2646413471535901,
        0.25858745821844586,
        0.24820936788253983,
        0.24302031980872105,
        0.24647968615988877
    ]
}