{
    "BenchmarkYearValues": [
        "77",
        "74",
        "71",
        "35",
        "79",
        "76",
        "74",
        "79",
        "74",
        "72",
        "78"
    ],
    "TargetYearValues": [
        "78",
        "75",
        "72",
        "77",
        "74",
        "78",
        "74",
        "74",
        "76",
        "73",
        "79"
    ],
    "CurrentYearValues": [
        "79",
        "76",
        "76",
        "78",
        "75",
        "98",
        "78",
        "75",
        "71",
        "71",
        "88"
    ],
    "normalizedKPIValuesAchieved": [
        -19.226190380773815,
        -18.571428581428577,
        -49.10714295089286,
        -9.689625826024661,
        7.428571432571431,
        -100.50595269949406,
        null,
        7.119047592880954,
        -12.812500037187503,
        -8.363095191636907,
        8.482142891517856
    ],
    "maxNormalizedKPIValuesAchieved": [
        9.613095190386908,
        9.285714290714289,
        9.821428590178572,
        9.464285690535716,
        9.285714290714289,
        9.136904790863097,
        9.107142890892858,
        8.898809491101193,
        8.541666691458335,
        8.363095191636907,
        8.482142891517856
    ]
}