{
    "BenchmarkYearValues": [
        "77",
        "74",
        "71",
        "88",
        "84",
        "81",
        "99",
        "96",
        "91",
        "66",
        "67"
    ],
    "TargetYearValues": [
        "78",
        "75",
        "72",
        "89",
        "85",
        "82",
        "98",
        "95",
        "92",
        "68",
        "65"
    ],
    "CurrentYearValues": [
        "79",
        "76",
        "73",
        "87",
        "86",
        "83",
        "97",
        "94",
        "93",
        "69",
        "64"
    ],
    "normalizedKPIValuesAchieved": [
        9.613095190386908,
        9.285714290714289,
        9.821428590178572,
        9.464285690535716,
        9.285714290714289,
        9.136904790863097,
        9.107142890892858,
        8.898809491101193,
        8.541666691458335,
        8.363095191636907,
        8.482142891517856
    ],
    "maxNormalizedKPIValuesAchieved": [
        9.613095190386908,
        9.285714290714289,
        9.821428590178572,
        9.464285690535716,
        9.285714290714289,
        9.136904790863097,
        9.107142890892858,
        8.898809491101193,
        8.541666691458335,
        8.363095191636907,
        8.482142891517856
    ],
    "sustainabilityKPIAchieved": [
        0.2793436417961237,
        0.26983039232154316,
        0.2853975307312679,
        0.27501943748949614,
        0.26983039232154316,
        0.26550618801491566,
        0.2646413471535901,
        0.25858745821844586,
        0.24820936788253983,
        0.24302031980872105,
        0.24647968615988877
    ],
    "maxKPIAchievedValues": [
        0.2793436417961237,
        0.26983039232154316,
        0.2853975307312679,
        0.27501943748949614,
        0.26983039232154316,
        0.26550618801491566,
        0.2646413471535901,
        0.25858745821844586,
        0.24820936788253983,
        0.24302031980872105,
        0.24647968615988877
    ]
}