{
    "BenchmarkYearValues": [
        "89",
        "89",
        "8",
        "41",
        "18",
        "78",
        "3",
        "64",
        1,
        1,
        0,
        0
    ],
    "TargetYearValues": [
        "85",
        "8",
        "52",
        "231",
        "42328",
        "4",
        "1365",
        "3",
        1,
        0,
        1,
        1
    ],
    "CurrentYearValues": [
        "85",
        "74",
        "346",
        "642",
        "323",
        "65",
        "31",
        "64",
        1,
        0,
        0,
        0
    ],
    "normalizedKPIValuesAchieved": [
        8.480763848510412,
        1.523708479887732,
        -65.14768592719362,
        -25.582405984070384,
        -0.06052795882743596,
        -127.77309703823838,
        0.18471852725439536,
        0,
        null,
        null,
        null,
        null,
        8.480763848510412,
        1.523708479887732,
        -65.14768592719362,
        -25.582405984070384,
        -0.06052795882743596,
        -127.77309703823838,
        0.18471852725439536,
        0,
        null,
        null,
        null,
        null
    ],
    "maxNormalizedKPIValuesAchieved": [
        8.480763848510412,
        8.228025791393755,
        8.480763848510412,
        8.087615868508108,
        8.396517829471527,
        7.862959817737746,
        8.115697874854403,
        7.610221869466918,
        8.677337784088651,
        9.098567770437251,
        8.84582982216642,
        8.115697874854403,
        8.480763848510412,
        8.228025791393755,
        8.480763848510412,
        8.087615868508108,
        8.396517829471527,
        7.862959817737746,
        8.115697874854403,
        7.610221869466918,
        8.677337784088651,
        9.098567770437251,
        8.84582982216642,
        8.115697874854403
    ],
    "sustainabilityKPIAchieved": [
        0.19913693238944832,
        0.03577821974065782,
        -1.5297337079007622,
        -0.6007008262238123,
        -0.0014212578324306856,
        -3.0002418462062495,
        0.004337378275118214,
        0,
        null,
        null,
        null,
        null,
        0.19913693238944832,
        0.03577821974065782,
        -1.5297337079007622,
        -0.6007008262238123,
        -0.0014212578324306856,
        -3.0002418462062495,
        0.004337378275118214,
        0,
        null,
        null,
        null,
        null
    ],
    "maxKPIAchievedValues": [
        0.19913693238944832,
        0.19320238659955227,
        0.19913693238944832,
        0.18990541927208707,
        0.197158750459483,
        0.18463026745884611,
        0.1905648132487422,
        0.17869572422476046,
        0.2037526876702238,
        0.2136435947642402,
        0.20770905153015448,
        0.1905648132487422,
        0.19913693238944832,
        0.19320238659955227,
        0.19913693238944832,
        0.18990541927208707,
        0.197158750459483,
        0.18463026745884611,
        0.1905648132487422,
        0.17869572422476046,
        0.2037526876702238,
        0.2136435947642402,
        0.20770905153015448,
        0.1905648132487422
    ]
}