{
    "BenchmarkYearValues": [
        "78",
        "79",
        "76",
        "73",
        "87",
        "84",
        "83",
        "97",
        "94",
        1,
        1,
        1,
        1
    ],
    "TargetYearValues": [
        "98",
        "74",
        "71",
        "88",
        "85",
        "81",
        "99",
        "96",
        "93",
        1,
        1,
        1,
        1
    ],
    "CurrentYearValues": [
        "77",
        "75",
        "72",
        "89",
        "86",
        "82",
        "98",
        "95",
        "92",
        1,
        1,
        1,
        1
    ],
    "normalizedKPIValuesAchieved": [
        0.4063467491873065,
        6.23323014753354,
        6.047471587905057,
        -8.310973530044718,
        3.7151702925696597,
        5.142758856381149,
        7.223942185552116,
        -14.912280770175439,
        -13.983488172033026,
        7.9721361840557305,
        8.359133083281737,
        8.12693498374613,
        7.4561403850877195
    ],
    "maxNormalizedKPIValuesAchieved": [
        8.12693498374613,
        7.791537684416925,
        7.559339484881322,
        7.791537684416925,
        7.430340585139319,
        7.714138284571725,
        7.223942185552116,
        7.4561403850877195,
        6.991744086016513,
        7.9721361840557305,
        8.359133083281737,
        8.12693498374613,
        7.4561403850877195
    ],
    "sustainabilityKPIAchieved": [
        0.010385452576507723,
        0.15930954591155866,
        0.1545619092796418,
        -0.21241272788207818,
        0.09495270963604353,
        0.13143916697298863,
        0.18463026745884611,
        -0.3811296264974844,
        -0.3573914484495209,
        0.2037526876702238,
        0.2136435947642402,
        0.20770905153015448,
        0.1905648132487422
    ],
    "maxKPIAchievedValues": [
        0.20770905153015448,
        0.19913693238944832,
        0.19320238659955227,
        0.19913693238944832,
        0.18990541927208707,
        0.197158750459483,
        0.18463026745884611,
        0.1905648132487422,
        0.17869572422476046,
        0.2037526876702238,
        0.2136435947642402,
        0.20770905153015448,
        0.1905648132487422
    ],
    "percentageOfTargetValueAchieved": [
        0.05,
        0.8,
        0.8,
        -1.0666666666666667,
        0.5,
        0.6666666666666666,
        6.125,
        -2,
        -2,
        null,
        1,
        1,
        1
    ]
}