{
    "BenchmarkYearValues": [
        "77",
        "74",
        "71",
        "77",
        "74",
        "71",
        "77",
        "74",
        "71",
        "77",
        "74",
        "71"
    ],
    "TargetYearValues": [
        "78",
        "75",
        "72",
        "78",
        "75",
        "72",
        "78",
        "75",
        "72",
        "78",
        "75",
        "72"
    ],
    "CurrentYearValues": [
        "79",
        "76",
        "73",
        "79",
        "76",
        "73",
        "79",
        "76",
        "73",
        "79",
        "76",
        "73"
    ],
    "normalizedKPIValuesAchieved": [
        -16.961527697020824,
        -16.45605158278751,
        -16.961527697020824,
        -16.175231737016215,
        -16.793035658943055,
        -15.725919635475492,
        8.115697874854403,
        7.610221869466918,
        8.677337784088651,
        9.098567770437251,
        8.84582982216642,
        8.115697874854403
    ],
    "maxNormalizedKPIValuesAchieved": [
        8.480763848510412,
        8.228025791393755,
        8.480763848510412,
        8.087615868508108,
        8.396517829471527,
        7.862959817737746,
        8.115697874854403,
        7.610221869466918,
        8.677337784088651,
        9.098567770437251,
        8.84582982216642,
        8.115697874854403
    ]
}