{
    "BenchmarkYearValues": [
        "77",
        "74",
        "71",
        "78",
        "75",
        "72",
        "89",
        "86",
        "82",
        1,
        1,
        1,
        1
    ],
    "TargetYearValues": [
        "78",
        "75",
        "72",
        "79",
        "76",
        "73",
        "87",
        "84",
        "83",
        1,
        1,
        1,
        1
    ],
    "CurrentYearValues": [
        "79",
        "76",
        "73",
        "74",
        "71",
        "88",
        "85",
        "81",
        "66",
        1,
        1,
        1,
        1
    ],
    "normalizedKPIValuesAchieved": [
        -16.25386996749226,
        -15.58307536883385,
        -15.118678969762644,
        7.791537684416925,
        7.430340585139319,
        -123.4262125531476,
        7.223942185552116,
        -18.6403509627193,
        -111.8679053762642,
        7.9721361840557305,
        8.359133083281737,
        8.12693498374613,
        7.4561403850877195
    ],
    "maxNormalizedKPIValuesAchieved": [
        8.12693498374613,
        7.791537684416925,
        7.559339484881322,
        7.791537684416925,
        7.430340585139319,
        7.714138284571725,
        7.223942185552116,
        7.4561403850877195,
        6.991744086016513,
        7.9721361840557305,
        8.359133083281737,
        8.12693498374613,
        7.4561403850877195
    ],
    "sustainabilityKPIAchieved": [
        -0.41541810306030896,
        -0.39827386477889665,
        -0.38640477319910455,
        0.19913693238944832,
        0.18990541927208707,
        -3.154540007351728,
        0.18463026745884611,
        -0.4764120331218555,
        -2.8591315875961674,
        0.2037526876702238,
        0.2136435947642402,
        0.20770905153015448,
        0.1905648132487422
    ],
    "maxKPIAchievedValues": [
        0.20770905153015448,
        0.19913693238944832,
        0.19320238659955227,
        0.19913693238944832,
        0.18990541927208707,
        0.197158750459483,
        0.18463026745884611,
        0.1905648132487422,
        0.17869572422476046,
        0.2037526876702238,
        0.2136435947642402,
        0.20770905153015448,
        0.1905648132487422
    ],
    "percentageOfTargetValueAchieved": [
        -2,
        -2,
        -2,
        4,
        4,
        -16,
        42.5,
        -2.5,
        -16,
        null,
        1,
        1,
        1
    ]
}