{
    "BenchmarkYearValues": [
        "100",
        "20",
        "48",
        "15",
        "1",
        "30",
        "200",
        "10",
        "18",
        1,
        1,
        1,
        1
    ],
    "TargetYearValues": [
        "80",
        "12",
        "35",
        "12",
        "0",
        "26",
        "220",
        "12",
        "10",
        1,
        1,
        1,
        1
    ],
    "CurrentYearValues": [
        "85",
        "15",
        "40",
        "13",
        "0",
        "29",
        "210",
        "11",
        "12",
        1,
        1,
        1,
        1
    ],
    "normalizedKPIValuesAchieved": [
        6.095201237809598,
        4.869711052760578,
        4.65190122146543,
        5.194358456277951,
        7.430340585139319,
        1.9285345711429311,
        3.611971092776058,
        3.7280701925438597,
        -5.2438080645123835,
        7.9721361840557305,
        8.359133083281737,
        8.12693498374613,
        7.4561403850877195
    ],
    "maxNormalizedKPIValuesAchieved": [
        8.12693498374613,
        7.791537684416925,
        7.559339484881322,
        7.791537684416925,
        7.430340585139319,
        7.714138284571725,
        7.223942185552116,
        7.4561403850877195,
        6.991744086016513,
        7.9721361840557305,
        8.359133083281737,
        8.12693498374613,
        7.4561403850877195
    ],
    "sustainabilityKPIAchieved": [
        0.15578178864761585,
        0.1244605827434052,
        0.11889377636895525,
        0.1327579549262989,
        0.18990541927208707,
        0.04928968761487075,
        0.09231513372942306,
        0.0952824066243711,
        -0.13402179316857032,
        0.2037526876702238,
        0.2136435947642402,
        0.20770905153015448,
        0.1905648132487422
    ],
    "maxKPIAchievedValues": [
        0.20770905153015448,
        0.19913693238944832,
        0.19320238659955227,
        0.19913693238944832,
        0.18990541927208707,
        0.197158750459483,
        0.18463026745884611,
        0.1905648132487422,
        0.17869572422476046,
        0.2037526876702238,
        0.2136435947642402,
        0.20770905153015448,
        0.1905648132487422
    ],
    "percentageOfTargetValueAchieved": [
        0.75,
        0.625,
        0.6153846153846154,
        0.6666666666666666,
        1,
        0.25,
        0.5,
        0.5,
        -0.75,
        1,
        1,
        1,
        1
    ]
}