{
    "BenchmarkYearValues": [
        "98",
        "97",
        "93",
        "45",
        "49",
        "41",
        "47",
        "47",
        "45",
        "57",
        "51",
        "48"
    ],
    "TargetYearValues": [
        "95",
        "94",
        "92",
        "47",
        "45",
        "42",
        "44",
        "48",
        "58",
        "59",
        "53",
        "86"
    ],
    "CurrentYearValues": [
        "98",
        "96",
        "91",
        "48",
        "46",
        "43",
        "45",
        "49",
        "65",
        "52",
        "57",
        "86"
    ],
    "normalizedKPIValuesAchieved": [
        0,
        2.7426752637979184,
        8.480763848510412,
        -12.131423802762162,
        6.2973883721036445,
        -15.725919635475492,
        8.115697874854403,
        7.610221869466918,
        8.677337784088651,
        9.098567770437251,
        8.84582982216642,
        8.115697874854403
    ],
    "maxNormalizedKPIValuesAchieved": [
        8.480763848510412,
        8.228025791393755,
        8.480763848510412,
        8.087615868508108,
        8.396517829471527,
        7.862959817737746,
        8.115697874854403,
        7.610221869466918,
        8.677337784088651,
        9.098567770437251,
        8.84582982216642,
        8.115697874854403
    ]
}