{
    "BenchmarkYearValues": [
        "99",
        "96",
        "93",
        "90",
        "82",
        "85",
        "88",
        "78",
        "75",
        1,
        1,
        1,
        1
    ],
    "TargetYearValues": [
        "98",
        "95",
        "92",
        "80",
        "83",
        "86",
        "89",
        "79",
        "76",
        1,
        1,
        1,
        1
    ],
    "CurrentYearValues": [
        "97",
        "94",
        "91",
        "81",
        "84",
        "87",
        "77",
        "74",
        "74",
        1,
        1,
        1,
        1
    ],
    "normalizedKPIValuesAchieved": [
        8.12693498374613,
        7.791537684416925,
        7.559339484881322,
        7.0123839159752315,
        -14.860681170278639,
        -15.42827656914345,
        7.223942185552116,
        -29.824561540350878,
        -6.991744086016513,
        7.9721361840557305,
        8.359133083281737,
        8.12693498374613,
        7.4561403850877195
    ],
    "maxNormalizedKPIValuesAchieved": [
        8.12693498374613,
        7.791537684416925,
        7.559339484881322,
        7.791537684416925,
        7.430340585139319,
        7.714138284571725,
        7.223942185552116,
        7.4561403850877195,
        6.991744086016513,
        7.9721361840557305,
        8.359133083281737,
        8.12693498374613,
        7.4561403850877195
    ],
    "sustainabilityKPIAchieved": [
        0.20770905153015448,
        0.19913693238944832,
        0.19320238659955227,
        0.17922323915050348,
        -0.37981083854417413,
        -0.394317500918966,
        0.18463026745884611,
        -0.7622592529949688,
        -0.17869572422476046,
        0.2037526876702238,
        0.2136435947642402,
        0.20770905153015448,
        0.1905648132487422
    ],
    "maxKPIAchievedValues": [
        0.20770905153015448,
        0.19913693238944832,
        0.19320238659955227,
        0.19913693238944832,
        0.18990541927208707,
        0.197158750459483,
        0.18463026745884611,
        0.1905648132487422,
        0.17869572422476046,
        0.2037526876702238,
        0.2136435947642402,
        0.20770905153015448,
        0.1905648132487422
    ],
    "percentageOfTargetValueAchieved": [
        2,
        2,
        2,
        0.9,
        -2,
        -2,
        77,
        -4,
        -1,
        null,
        1,
        1,
        1
    ],
    "benchmarkPercentage": 0.65
}