{
    "BenchmarkYearValues": [
        "5",
        "5",
        "5",
        "6",
        "6",
        "4",
        "4",
        "8",
        "8",
        1,
        0,
        0,
        0
    ],
    "TargetYearValues": [
        "5",
        "5",
        "5",
        "56",
        "6",
        "4",
        "4",
        "8",
        "8",
        0,
        1,
        0,
        0
    ],
    "CurrentYearValues": [
        "5",
        "5",
        "5",
        "6",
        "6",
        "4",
        "4",
        "8",
        "8",
        0,
        0,
        1,
        1
    ],
    "normalizedKPIValuesAchieved": [
        null,
        null,
        null,
        0,
        null,
        null,
        null,
        null,
        null,
        null,
        0,
        8.12693498374613,
        7.4561403850877195
    ],
    "maxNormalizedKPIValuesAchieved": [
        8.12693498374613,
        7.791537684416925,
        7.559339484881322,
        7.791537684416925,
        7.430340585139319,
        7.714138284571725,
        7.223942185552116,
        7.4561403850877195,
        6.991744086016513,
        7.9721361840557305,
        8.359133083281737,
        8.12693498374613,
        7.4561403850877195
    ],
    "sustainabilityKPIAchieved": [
        null,
        null,
        null,
        0,
        null,
        null,
        null,
        null,
        null,
        null,
        0,
        0.20770905153015448,
        0.1905648132487422
    ],
    "maxKPIAchievedValues": [
        0.20770905153015448,
        0.19913693238944832,
        0.19320238659955227,
        0.19913693238944832,
        0.18990541927208707,
        0.197158750459483,
        0.18463026745884611,
        0.1905648132487422,
        0.17869572422476046,
        0.2037526876702238,
        0.2136435947642402,
        0.20770905153015448,
        0.1905648132487422
    ],
    "percentageOfTargetValueAchieved": [
        null,
        null,
        null,
        0,
        null,
        null,
        null,
        null,
        null,
        null,
        0,
        null,
        null
    ]
}