{
    "BenchmarkYearValues": [
        "78",
        "74",
        "71",
        "88",
        "84",
        "81",
        "66",
        "69",
        "63",
        1,
        1,
        1,
        1
    ],
    "TargetYearValues": [
        "77",
        "75",
        "72",
        "89",
        "85",
        "82",
        "65",
        "68",
        "62",
        1,
        1,
        1,
        1
    ],
    "CurrentYearValues": [
        "79",
        "76",
        "73",
        "87",
        "86",
        "83",
        "64",
        "67",
        "61",
        1,
        1,
        1,
        1
    ],
    "normalizedKPIValuesAchieved": [
        -8.12693498374613,
        -15.58307536883385,
        -15.118678969762644,
        7.791537684416925,
        -14.860681170278639,
        -15.42827656914345,
        7.223942185552116,
        -14.912280770175439,
        -13.983488172033026,
        7.9721361840557305,
        8.359133083281737,
        8.12693498374613,
        7.4561403850877195
    ],
    "maxNormalizedKPIValuesAchieved": [
        8.12693498374613,
        7.791537684416925,
        7.559339484881322,
        7.791537684416925,
        7.430340585139319,
        7.714138284571725,
        7.223942185552116,
        7.4561403850877195,
        6.991744086016513,
        7.9721361840557305,
        8.359133083281737,
        8.12693498374613,
        7.4561403850877195
    ],
    "sustainabilityKPIAchieved": [
        -0.20770905153015448,
        -0.39827386477889665,
        -0.38640477319910455,
        0.19913693238944832,
        -0.37981083854417413,
        -0.394317500918966,
        0.18463026745884611,
        -0.3811296264974844,
        -0.3573914484495209,
        0.2037526876702238,
        0.2136435947642402,
        0.20770905153015448,
        0.1905648132487422
    ],
    "maxKPIAchievedValues": [
        0.20770905153015448,
        0.19913693238944832,
        0.19320238659955227,
        0.19913693238944832,
        0.18990541927208707,
        0.197158750459483,
        0.18463026745884611,
        0.1905648132487422,
        0.17869572422476046,
        0.2037526876702238,
        0.2136435947642402,
        0.20770905153015448,
        0.1905648132487422
    ]
}